,author_id,created_at,id,original_text,location
0,1476293676552929281,2021-12-31T03:59:49.000Z,1476765009724194816,COVID is getting worst,
1,1351366311998349315,2021-12-31T03:59:49.000Z,1476765009707421706,"The way Covid is looking happy new year to me, myself and I ü•≥",
2,1356620682725974020,2021-12-31T03:59:49.000Z,1476765009615093762,"[‚úçüèª] j-hope‚Äôs name is in the constellation with the title of ‚ÄúDonations of Stars that Shined Even Brighter in the Midst of Covid-19‚Äù

üîóInstagram
~ https://t.co/M1dbDbqgJl

¬© btsbaragi_jk 
üíödon‚Äôt forget to like, comment and share
#jhope #Ï†úÏù¥Ìôâ #Î∞©ÌÉÑÏÜåÎÖÑÎã®Ï†úÏù¥Ìôâ https://t.co/Ztz2vkNRiB",
3,407097584,2021-12-31T03:59:49.000Z,1476765009552228352,"‚ÄúI‚Äôm here for a good time, not a long time‚Äù between Covid and climate change, you‚Äôre here for neither",UofGuelph
4,1411171089917431812,2021-12-31T03:59:49.000Z,1476765009438904321,"Sampai saat ini, penularan Covid-19 melalui ASI dan menyusui belum terdeteksi. Ibu menyusui tidak perlu menghindari atau berhenti menyusui. #NataruWaspadaCovid Antisipasi Lonjakan Omicron https://t.co/V25aTYba2J",
5,37506730,2021-12-31T03:59:49.000Z,1476765009434791960,"On Wednesday, Florida reported 46,923 new COVID cases, the LARGEST single-day increase of COVID cases since the pandemic began and nearly DOUBLE the previous peak during the summer. But Ron DeSantis is missing?! Quick check Cancun or Mar-a-Lago.","Westbrook, ME"
6,1164260696550465536,2021-12-31T03:59:49.000Z,1476765009380315136,i thought dickriding was the real pandemic but this covid shit gettin kinda serious,
7,1106419524600057856,2021-12-31T03:59:49.000Z,1476765009208229892,"2021 ‡∏õ‡∏µ‡∏ó‡∏µ‡πà‡∏ä‡∏µ‡∏ß‡∏¥‡∏ï‡∏î‡πâ‡∏≤‡∏ô‡∏Å‡∏≤‡∏£‡∏ó‡∏≥‡∏°‡∏≤‡∏´‡∏≤‡∏Å‡∏¥‡∏ô‡∏û‡∏±‡∏á‡πÄ‡∏•‡∏∞‡πÄ‡∏ó‡∏∞‚Äã ‡πÅ‡∏ï‡πà‡πÄ‡∏õ‡πá‡∏ô‡∏õ‡∏µ‡∏ó‡∏µ‡πà‡πÑ‡∏î‡πâ‡∏°‡∏¥‡∏ï‡∏£‡∏†‡∏≤‡∏û‡πÅ‡∏•‡∏∞‡πÑ‡∏î‡πâ‡πÄ‡∏û‡∏∑‡πà‡∏≠‡∏ô‡∏î‡∏µ‡πÜ‡πÄ‡∏Ç‡πâ‡∏≤‡∏°‡∏≤‡πÉ‡∏ô‡∏ä‡∏µ‡∏ß‡∏¥‡∏ï‚Äã‡∏°‡∏≤‡∏Å‡∏°‡∏≤‡∏¢‡πÄ‡∏ä‡πà‡∏ô‡∏Å‡∏±‡∏ô

Still

Fuck you Covid",
8,785364900272939008,2021-12-31T03:59:49.000Z,1476765009065955330,"#ICYMI: @CDCgov has shortened the recommended time for #COVID19 isolation and quarantine. 

Learn what to do if you test positive or have close contact with someone who tested positive for COVID-19: https://t.co/0XpBVP6GOV. https://t.co/dJhReSYiP8",
9,980980934,2021-12-31T03:59:49.000Z,1476765008822370305,Se re pic√≥ en Zapala con el covid,General Roca
